{"initial_reset_timestamp": 13184.1828296, "timestamps": [13201.0149604, 13217.8475723, 13226.2471106, 13234.5799471, 13242.9129396, 13252.2459206, 13260.5785638, 13269.360833, 13286.1270406, 13294.4935365], "episode_lengths": [500, 500, 500, 500, 500, 500, 500, 500, 500, 500], "episode_rewards": [500.0, 500.0, 500.0, 500.0, 500.0, 500.0, 500.0, 500.0, 500.0, 500.0], "episode_types": ["t", "t", "t", "t", "t", "t", "t", "t", "t", "t"]}